rank,coach_name,school,conference,total_pay,school_pay,max_bonus,bonuses_paid_2024_25,buyout_owed_dec_2025
1,Kirby Smart,Georgia,SEC,13282580,13003000,1775000,800000,105107583
2,Ryan Day,Ohio State,Big 10,12575000,12500000,1550000,1050000,70916667
3,Lincoln Riley,USC,Big 10,11537560,11537560,,,
4,Dabo Swinney,Clemson,ACC,11447025,11258575,1500000,500000,60000000
5,Steve Sarkisian,Texas,SEC,10800000,10800000,1850000,900000,60307500
6,Dan Lanning,Oregon,Big 10,10400000,10400000,1675000,850000,56733333
7,Kalen DeBoer,Alabama,SEC,10250000,10250000,1175000,100000,60843750
8,Brian Kelly,LSU,SEC,10175000,10175000,1325000,550000,53293333
9,Bill Belichick,North Carolina,ACC,10100000,10100000,3350000,,20833333
10,Lane Kiffin,Ole Miss,SEC,9000000,9000000,2600000,650000,36600000
11,Eliah Drinkwitz,Missouri,SEC,9000000,9000000,1575000,225000,28875685
12,Josh Heupel,Tennessee,SEC,9000000,9000000,1700000,350000,37500000
13,Mark Stoops,Kentucky,SEC,9000000,9000000,3550000,100000,37687500
14,Deion Sanders,Colorado,Big 12,8975000,8975000,1875000,650000,33625000
15,Matt Rhule,Nebraska,Big 10,8500000,8500000,950000,150000,49612500
16,James Franklin,Penn State,Big 10,8500000,8500000,,,48666667
17,Mario Cristobal,Miami (FL),ACC,8302883,8302883,,,
18,Curt Cignetti,Indiana,Big 10,8300000,8300000,3300000,1300000,56700000
19,Bret Bielema,Illinois,Big 10,8200000,8200000,1600000,350000,49491667
20,Shane Beamer,South Carolina,SEC,8150000,8150000,1700000,150000,27903958
21,Luke Fickell,Wisconsin,Big 10,7825000,7825000,1450000,0,27493333
22,Jedd Fisch,Washington,Big 10,7575024,7575024,1550000,150000,33686666
23,Brent Venables,Oklahoma,SEC,7552750,7550000,1385000,25000,36158333
24,Billy Napier,Florida,SEC,7470000,7220000,1600000,200000,20428333
25,Kenny Dillingham,Arizona State,Big 12,7442000,7442000,8014000,3056000,24683333
26,Marcus Freeman,Notre Dame,IndFBS,7421201,7421201,,,
27,Jonathan Smith,Michigan State,Big 10,7350000,7350000,1785000,0,33033125
28,Pat Narduzzi,Pittsburgh,ACC,7259909,7259909,,,
29,Kirk Ferentz,Iowa,Big 10,7175000,7175000,2650000,100000,25729167
30,Sonny Dykes,TCU,Big 12,7036013,7036013,,,
31,P.J. Fleck,Minnesota,Big 10,7000000,7000000,1450000,350000,26600000
32,Mike Elko,Texas A&M,SEC,7000000,7000000,3800000,0,21875000
33,Kyle Whittingham,Utah,Big 12,6925000,6925000,1800000,165000,8333333
34,Mike Gundy,Oklahoma State,Big 12,6875000,6875000,1000000,0,
35,Sam Pittman,Arkansas,SEC,6814600,6800000,1450000,175000,
36,Hugh Freeze,Auburn,SEC,6734500,6725000,3300000,100000,15437500
37,Lance Leipold,Kansas,Big 12,6650000,6650000,1125000,75000,22930000
38,Greg Schiano,Rutgers,Big 10,6500000,6500000,2450000,150000,23735156
39,Dave Doeren,North Carolina State,ACC,6215377,6215377,1350000,100000,13129456
40,Sherrone Moore,Michigan,Big 10,6110000,6110000,3775000,0,13897916
41,Mike Locksley,Maryland,Big 10,6100000,6100000,1675000,0,13395417
42,Barry Odom,Purdue,Big 10,6050000,6050000,1305000,,25125000
43,Jeff Brohm,Louisville,ACC,5981057,5981057,2000000,200000,33633333
44,Jamey Chadwell,Liberty,CUSA,5936509,5936509,,,
45,Mike Norvell,Florida State,ACC,5650000,5650000,1550000,150000,58667708
46,Chris Klieman,Kansas State,Big 12,5250000,5250000,1550000,50000,29625000
47,Matt Campbell,Iowa State,Big 12,5000000,5000000,2350000,1350000,35416667
48,Justin Wilcox,California,ACC,4800000,4800000,900000,210000,10879167
49,Brent Pry,Virginia Tech,ACC,4787500,4750000,475000,75000,
50,Dave Aranda,Baylor,Big 12,4702570,4702570,,,
51,Joey McGuire,Texas Tech,Big 12,4554960,4554960,1000000,185000,9940761
52,Brent Key,Georgia Tech,ACC,4500000,4500000,1375000,150000,11123333
53,Willie Fritz,Houston,Big 12,4500000,4500000,1500000,0,10375000
54,Tony Elliott,Virginia,ACC,4406000,4400000,1600000,50000,11175000
55,Jeff Lebby,Mississippi State,SEC,4350000,4350000,1900000,0,11006250
56,Scott Frost,UCF,Big 12,3858333,3858333,500000,,13793750
57,Clark Lea,Vanderbilt,SEC,3711137,3711137,,,
58,Scott Satterfield,Cincinnati,Big 12,3700000,3700000,1000000,25000,12008333
59,Rich Rodriguez,West Virginia,Big 12,3600000,3600000,1925000,,7645833
60,Dan Mullen,UNLV,MWC,3500000,3500000,735000,,11433333
61,Brent Brennan,Arizona,Big 12,3400000,3200000,1200000,15000,10650000
62,DeShaun Foster,UCLA,Big 10,3100000,3100000,1300000,110000,
63,Alex Golesh,South Florida,AMER,2500000,2500000,1255000,85000,
64,Jeff Traylor,UTSA,AMER,2500000,2500000,500000,50000,11165000
65,Rhett Lashlee,SMU,ACC,2470818,2470818,,,
66,Jeff Monken,Army West Point,AMER,2400000,2400000,925000,450000,7700000
67,Ryan Silverfield,Memphis,AMER,2250000,2250000,500000,310000,6472500
68,Jim Mora,Connecticut,IndFBS,2169000,2169000,1400000,230000,8071250
69,Spencer Danielson,Boise State,MWC,2000503,2000003,760001,396003,6650025
70,Trent Bray,Oregon State,Pac-12,2000008,2000008,1075000,0,3900013
71,Bronco Mendenhall,Utah State,MWC,2000000,2000000,745000,,11270153
72,Jay Norvell,Colorado State,MWC,1900000,1900000,975000,250000,1500000
73,Sean Lewis,San Diego State,MWC,1853100,1853100,720000,15000,4851113
74,G.J. Kinne,Texas State,SBC,1550000,1550000,1167500,87500,9553125
75,Troy Calhoun,Air Force,MWC,1550000,1550000,,20000,
76,Ken Niumatalolo,San Jose State,MWC,1500000,1500000,835000,30000,4012500
77,Trent Dilfer,UAB,AMER,1450000,1300000,1575000,50000,2816667
78,Eric Morris,North Texas,AMER,1400000,1400000,785000,35000,2375000
79,Joe Harasymiak,Massachusetts,MAC,1360000,1360000,1075000,,5200000
80,Blake Harrell,East Carolina,AMER,1300000,1300000,1500000,100000,2245833
81,Jimmy Rogers,Washington State,Pac-12,1250000,1250000,300000,,4391563
82,Tim Beck,Coastal Carolina,SBC,1159750,1124750,1600000,250000,1757422
83,Jason Candle,Toledo,MAC,1150000,1150000,1085000,235000,1000000
84,Jason Eck,New Mexico,MWC,1150000,1150000,475000,,5195833
85,Chuck Martin,Miami (OH),MAC,1111000,1111000,665000,85000,2250000
86,Jeff Choate,Nevada,MWC,1100000,1100000,475000,0,2700000
87,Jay Sawvel,Wyoming,MWC,1100000,1100000,325000,115000,3691667
88,Matt Entz,Fresno State,MWC,1100000,1100000,1350000,,4800000
89,Zach Kittley,Florida Atlantic,AMER,1050000,1050000,965000,,5083333
90,Sonny Cumbie,Louisiana Tech,CUSA,1000000,1000000,1035000,25000,875000
91,Charles Kelly,Jacksonville State,CUSA,1000000,1000000,610000,,3470833
92,Derek Mason,Middle Tennessee,CUSA,1000000,1000000,255000,5000,3083333
93,Dowell Loggains,Appalachian State,SBC,1000000,1000000,905000,,2450000
94,Tony Gibson,Marshall,SBC,1000000,1000000,1230000,,4166667
95,Michael Desormeaux,Louisiana,SBC,986400,986400,2175000,180000,1847708
96,Charles Huff,Southern Miss,SBC,950000,950000,870000,,2869792
97,Tyson Helton,Western Kentucky,CUSA,945732,945732,450000,200000,2916007
98,Clay Helton,Georgia Southern,SBC,900000,900000,920000,60000,3159375
99,Gerad Parker,Troy,SBC,900000,900000,690000,5000,2025000
100,Tim Albin,Charlotte,AMER,900000,900000,1800000,,2041667
101,Major Applewhite,South Alabama,SBC,857000,857000,325000,40000,1844267
102,Ricky Rahne,Old Dominion,SBC,854887,854887,415000,0,687886
103,Dell McGee,Georgia State,SBC,853000,853000,225000,20000,1663350
104,Lance Taylor,Western Michigan,MAC,850000,850000,789000,27000,2358750
105,Butch Jones,Arkansas State,SBC,835000,825000,437500,25000,2245833
106,Bob Chesney,James Madison,SBC,833495,833495,490000,155000,2018301
107,Scotty Walden,UTEP,CUSA,801000,801000,217945,0,1541667
108,Pete Lembo,Buffalo,MAC,790500,790000,350000,60000,2205000
109,Timmy Chang,Hawaii,MWC,755006,750006,1340000,0,57576
110,Willie Simmons,FIU,CUSA,750000,750000,705000,,
111,Jerry Mack,Kennesaw State,CUSA,750000,750000,210000,,1800000
112,Bryant Vincent,ULM,SBC,725000,725000,445000,0,1200000
113,Phil Longo,Sam Houston,CUSA,725000,725000,225000,,2868750
114,Mike Uremovich,Ball State,MAC,700000,700000,360000,,1200000
115,Eddie George,Bowling Green,MAC,700000,700000,190000,,1676220
116,Chris Creighton,Eastern Michigan,MAC,672500,672500,650000,60000,1500000
117,Thomas Hammock,Northern Illinois,MAC,628087,628087,1146000,56000,1947405
118,Tony Sanchez,New Mexico State,CUSA,625000,625000,225000,36455,2077083
119,Matt Drinkall,Central Michigan,MAC,622450,622450,,,2000000
120,Joe Moorhead,Akron,MAC,620000,620000,620000,0,664063
121,Ryan Beard,Missouri State,CUSA,450000,450000,612500,,1856250
122,Mark Carney,Kent State,MAC,300000,300000,387500,,
123,Manny Diaz,Duke,ACC,,,,,
124,Bill O'Brien,Boston College,ACC,,,,,
125,Kalani Sitake,BYU,Big 12,,,,,
126,Jon Sumrall,Tulane,AMER,,,,,
127,Fran Brown,Syracuse,ACC,,,,,
128,Jake Dickert,Wake Forest,ACC,,,,,
129,Brian Newberry,Navy,AMER,,,,,
130,Brian Smith,Ohio,MAC,,,,,
131,David Braun,Northwestern,Big 10,,,,,
132,K.C. Keeler,Temple,AMER,,,,,
133,Frank Reich,Stanford,ACC,,,,,
134,Ryan Carty,Delaware,CUSA,,,,,
135,Tre Lamb,Tulsa,AMER,,,,,
136,Scott Abell,Rice,AMER,,,,,
