name,position,school,conference,division,total_pay,school_pay,max_bonus,bonuses_paid,buyout,salary_source,season
Bill O'Brien,Head Coach,Boston College,ACC,FBS,3500000,3500000,1100000,,8750000,USA Today (Oct 2025),2025
Justin Wilcox,Head Coach,California,ACC,FBS,4800000,4800000,900000,210000,10879167,USA Today (Oct 2025),2025
Dabo Swinney,Head Coach,Clemson,ACC,FBS,11447025,11258575,1500000,500000,60000000,USA Today (Oct 2025),2025
Manny Diaz,Head Coach,Duke,ACC,FBS,2750000,2750000,850000,185000,5091667,USA Today (Oct 2025),2025
Mike Norvell,Head Coach,Florida State,ACC,FBS,5650000,5650000,1550000,150000,58667708,USA Today (Oct 2025),2025
Brent Key,Head Coach,Georgia Tech,ACC,FBS,4500000,4500000,1375000,150000,11123333,USA Today (Oct 2025),2025
Jeff Brohm,Head Coach,Louisville,ACC,FBS,5981057,5981057,2000000,200000,33633333,USA Today (Oct 2025),2025
Mario Cristobal,Head Coach,Miami,ACC,FBS,8302883,8302883,,,,USA Today (Oct 2025),2025
Dave Doeren,Head Coach,NC State,ACC,FBS,6215377,6215377,1350000,100000,13129456,USA Today (Oct 2025),2025
Bill Belichick,Head Coach,North Carolina,ACC,FBS,10100000,10100000,3350000,,20833333,USA Today (Oct 2025),2025
Pat Narduzzi,Head Coach,Pittsburgh,ACC,FBS,7259909,7259909,,,,USA Today (Oct 2025),2025
Rhett Lashlee,Head Coach,SMU,ACC,FBS,2470818,2470818,,,,USA Today (Oct 2025),2025
Troy Taylor,Head Coach,Stanford,ACC,FBS,4300000,4300000,1200000,50000,10812500,USA Today (Oct 2025),2025
Fran Brown,Head Coach,Syracuse,ACC,FBS,4000000,4000000,1400000,,12000000,USA Today (Oct 2025),2025
Tony Elliott,Head Coach,Virginia,ACC,FBS,4406000,4400000,1600000,50000,11175000,USA Today (Oct 2025),2025
Brent Pry,Head Coach,Virginia Tech,ACC,FBS,4787500,4750000,475000,75000,,USA Today (Oct 2025),2025
Dave Clawson,Head Coach,Wake Forest,ACC,FBS,4200000,4200000,1200000,100000,9700000,USA Today (Oct 2025),2025
Jeff Monken,Head Coach,Army,American,FBS,2400000,2400000,925000,450000,7700000,USA Today (Oct 2025),2025
Biff Poggi,Head Coach,Charlotte,American,FBS,800000,800000,350000,25000,1200000,USA Today (Oct 2025),2025
Mike Houston,Head Coach,East Carolina,American,FBS,1300000,1300000,1500000,100000,2245833,USA Today (Oct 2025),2025
Tom Herman,Head Coach,Florida Atlantic,American,FBS,2500000,2500000,750000,,5833333,USA Today (Oct 2025),2025
Ryan Silverfield,Head Coach,Memphis,American,FBS,2250000,2250000,500000,310000,6472500,USA Today (Oct 2025),2025
Brian Newberry,Head Coach,Navy,American,FBS,1200000,1200000,600000,200000,2400000,USA Today (Oct 2025),2025
Eric Morris,Head Coach,North Texas,American,FBS,1400000,1400000,785000,35000,2375000,USA Today (Oct 2025),2025
Mike Bloomgren,Head Coach,Rice,American,FBS,1700000,1700000,500000,,3541667,USA Today (Oct 2025),2025
Alex Golesh,Head Coach,South Florida,American,FBS,2500000,2500000,1255000,85000,,USA Today (Oct 2025),2025
Stan Drayton,Head Coach,Temple,American,FBS,800000,800000,400000,,1200000,USA Today (Oct 2025),2025
Jon Sumrall,Head Coach,Tulane,American,FBS,2500000,2500000,1100000,300000,7416667,USA Today (Oct 2025),2025
Kevin Wilson,Head Coach,Tulsa,American,FBS,1050000,1050000,500000,25000,1750000,USA Today (Oct 2025),2025
Trent Dilfer,Head Coach,UAB,American,FBS,1450000,1300000,1575000,50000,2816667,USA Today (Oct 2025),2025
Jeff Traylor,Head Coach,UTSA,American,FBS,2500000,2500000,500000,50000,11165000,USA Today (Oct 2025),2025
Brent Brennan,Head Coach,Arizona,Big 12,FBS,3400000,3200000,1200000,15000,10650000,USA Today (Oct 2025),2025
Kenny Dillingham,Head Coach,Arizona State,Big 12,FBS,7442000,7442000,8014000,3056000,24683333,USA Today (Oct 2025),2025
Dave Aranda,Head Coach,Baylor,Big 12,FBS,4702570,4702570,,,,USA Today (Oct 2025),2025
Kalani Sitake,Head Coach,BYU,Big 12,FBS,4106000,4106000,1015000,115000,6650000,USA Today (Oct 2025),2025
Scott Satterfield,Head Coach,Cincinnati,Big 12,FBS,3700000,3700000,1000000,25000,12008333,USA Today (Oct 2025),2025
Deion Sanders,Head Coach,Colorado,Big 12,FBS,8975000,8975000,1875000,650000,33625000,USA Today (Oct 2025),2025
Willie Fritz,Head Coach,Houston,Big 12,FBS,4500000,4500000,1500000,,10375000,USA Today (Oct 2025),2025
Matt Campbell,Head Coach,Iowa State,Big 12,FBS,5000000,5000000,2350000,1350000,35416667,USA Today (Oct 2025),2025
Lance Leipold,Head Coach,Kansas,Big 12,FBS,6650000,6650000,1125000,75000,22930000,USA Today (Oct 2025),2025
Chris Klieman,Head Coach,Kansas State,Big 12,FBS,5250000,5250000,1550000,50000,29625000,USA Today (Oct 2025),2025
Mike Gundy,Head Coach,Oklahoma State,Big 12,FBS,6875000,6875000,1000000,,,USA Today (Oct 2025),2025
Sonny Dykes,Head Coach,TCU,Big 12,FBS,7036013,7036013,,,,USA Today (Oct 2025),2025
Joey McGuire,Head Coach,Texas Tech,Big 12,FBS,4554960,4554960,1000000,185000,9940761,USA Today (Oct 2025),2025
Gus Malzahn,Head Coach,UCF,Big 12,FBS,3858333,3858333,500000,,13793750,USA Today (Oct 2025),2025
Kyle Whittingham,Head Coach,Utah,Big 12,FBS,6925000,6925000,1800000,165000,8333333,USA Today (Oct 2025),2025
Neal Brown,Head Coach,West Virginia,Big 12,FBS,3600000,3600000,1925000,,7645833,USA Today (Oct 2025),2025
Bret Bielema,Head Coach,Illinois,Big Ten,FBS,8200000,8200000,1600000,350000,49491667,USA Today (Oct 2025),2025
Curt Cignetti,Head Coach,Indiana,Big Ten,FBS,8300000,8300000,3300000,1300000,56700000,USA Today (Oct 2025),2025
Kirk Ferentz,Head Coach,Iowa,Big Ten,FBS,7175000,7175000,2650000,100000,25729167,USA Today (Oct 2025),2025
Mike Locksley,Head Coach,Maryland,Big Ten,FBS,6100000,6100000,1675000,,13395417,USA Today (Oct 2025),2025
Sherrone Moore,Head Coach,Michigan,Big Ten,FBS,6110000,6110000,3775000,,13897916,USA Today (Oct 2025),2025
Jonathan Smith,Head Coach,Michigan State,Big Ten,FBS,7350000,7350000,1785000,,33033125,USA Today (Oct 2025),2025
P.J. Fleck,Head Coach,Minnesota,Big Ten,FBS,7000000,7000000,1450000,350000,26600000,USA Today (Oct 2025),2025
Matt Rhule,Head Coach,Nebraska,Big Ten,FBS,8500000,8500000,950000,150000,49612500,USA Today (Oct 2025),2025
David Braun,Head Coach,Northwestern,Big Ten,FBS,4000000,4000000,1400000,150000,12000000,USA Today (Oct 2025),2025
Ryan Day,Head Coach,Ohio State,Big Ten,FBS,12575000,12500000,1550000,1050000,70916667,USA Today (Oct 2025),2025
Dan Lanning,Head Coach,Oregon,Big Ten,FBS,10400000,10400000,1675000,850000,56733333,USA Today (Oct 2025),2025
James Franklin,Head Coach,Penn State,Big Ten,FBS,8500000,8500000,,,48666667,USA Today (Oct 2025),2025
Ryan Walters,Head Coach,Purdue,Big Ten,FBS,3700000,3700000,1200000,,11100000,USA Today (Oct 2025),2025
Greg Schiano,Head Coach,Rutgers,Big Ten,FBS,6500000,6500000,2450000,150000,23735156,USA Today (Oct 2025),2025
DeShaun Foster,Head Coach,UCLA,Big Ten,FBS,3100000,3100000,1300000,110000,,USA Today (Oct 2025),2025
Lincoln Riley,Head Coach,USC,Big Ten,FBS,11537560,11537560,,,,USA Today (Oct 2025),2025
Jedd Fisch,Head Coach,Washington,Big Ten,FBS,7575024,7575024,1550000,150000,33686666,USA Today (Oct 2025),2025
Luke Fickell,Head Coach,Wisconsin,Big Ten,FBS,7825000,7825000,1450000,,27493333,USA Today (Oct 2025),2025
Mike MacIntyre,Head Coach,FIU,Conference USA,FBS,800000,800000,350000,,1200000,USA Today (Oct 2025),2025
Rich Rodriguez,Head Coach,Jacksonville State,Conference USA,FBS,1100000,1100000,450000,75000,1833333,USA Today (Oct 2025),2025
Brian Bohannon,Head Coach,Kennesaw State,Conference USA,FBS,600000,600000,250000,,900000,USA Today (Oct 2025),2025
Jamey Chadwell,Head Coach,Liberty,Conference USA,FBS,5936509,5936509,,,,USA Today (Oct 2025),2025
Sonny Cumbie,Head Coach,Louisiana Tech,Conference USA,FBS,750000,750000,350000,50000,1125000,USA Today (Oct 2025),2025
Derek Mason,Head Coach,Middle Tennessee,Conference USA,FBS,1100000,1100000,450000,25000,2000000,USA Today (Oct 2025),2025
Tony Sanchez,Head Coach,New Mexico State,Conference USA,FBS,700000,700000,300000,50000,1050000,USA Today (Oct 2025),2025
K.C. Keeler,Head Coach,Sam Houston,Conference USA,FBS,1000000,1000000,400000,100000,2500000,USA Today (Oct 2025),2025
Scotty Walden,Head Coach,UTEP,Conference USA,FBS,700000,700000,350000,25000,1166667,USA Today (Oct 2025),2025
Tyson Helton,Head Coach,Western Kentucky,Conference USA,FBS,1050000,1050000,500000,75000,1833333,USA Today (Oct 2025),2025
Marcus Freeman,Head Coach,Notre Dame,Independent,FBS,7421201,7421201,,,,USA Today (Oct 2025),2025
Jim Mora Jr.,Head Coach,UConn,Independent,FBS,2169000,2169000,1400000,230000,8071250,USA Today (Oct 2025),2025
Don Brown,Head Coach,UMass,MAC,FBS,1360000,1360000,1075000,,5200000,USA Today (Oct 2025),2025
Troy Calhoun,Head Coach,Air Force,Mountain West,FBS,1550000,1550000,,20000,,USA Today (Oct 2025),2025
Spencer Danielson,Head Coach,Boise State,Mountain West,FBS,2000503,2000003,760001,396003,6650025,USA Today (Oct 2025),2025
Jay Norvell,Head Coach,Colorado State,Mountain West,FBS,1900000,1900000,975000,250000,1500000,USA Today (Oct 2025),2025
Jeff Tedford,Head Coach,Fresno State,Mountain West,FBS,1100000,1100000,1350000,,4800000,USA Today (Oct 2025),2025
Timmy Chang,Head Coach,Hawaii,Mountain West,FBS,900000,900000,575000,35000,1633333,USA Today (Oct 2025),2025
Jeff Choate,Head Coach,Nevada,Mountain West,FBS,1100000,1100000,475000,,2700000,USA Today (Oct 2025),2025
Bronco Mendenhall,Head Coach,New Mexico,Mountain West,FBS,2000000,2000000,745000,,11270153,USA Today (Oct 2025),2025
Sean Lewis,Head Coach,San Diego State,Mountain West,FBS,1853100,1853100,720000,15000,4851113,USA Today (Oct 2025),2025
Ken Niumatalolo,Head Coach,San Jose State,Mountain West,FBS,1500000,1500000,835000,30000,4012500,USA Today (Oct 2025),2025
Barry Odom,Head Coach,UNLV,Mountain West,FBS,3500000,3500000,735000,,11433333,USA Today (Oct 2025),2025
Nate Dreiling,Head Coach,Utah State,Mountain West,FBS,,,,,,,2025
Jay Sawvel,Head Coach,Wyoming,Mountain West,FBS,1100000,1100000,325000,115000,3691667,USA Today (Oct 2025),2025
Joe Moorhead,Head Coach,Akron,MAC,FBS,750000,750000,350000,,1312500,USA Today (Oct 2025),2025
Mike Neu,Head Coach,Ball State,MAC,FBS,575000,575000,275000,25000,575000,USA Today (Oct 2025),2025
Scot Loeffler,Head Coach,Bowling Green,MAC,FBS,600000,600000,300000,100000,1000000,USA Today (Oct 2025),2025
Pete Lembo,Head Coach,Buffalo,MAC,FBS,650000,650000,350000,100000,1083333,USA Today (Oct 2025),2025
Jim McElwain,Head Coach,Central Michigan,MAC,FBS,850000,850000,400000,50000,1416667,USA Today (Oct 2025),2025
Chris Creighton,Head Coach,Eastern Michigan,MAC,FBS,700000,700000,350000,50000,1166667,USA Today (Oct 2025),2025
Kenni Burns,Head Coach,Kent State,MAC,FBS,500000,500000,250000,,750000,USA Today (Oct 2025),2025
Chuck Martin,Head Coach,Miami (OH),MAC,FBS,1111000,1111000,665000,85000,2250000,USA Today (Oct 2025),2025
Thomas Hammock,Head Coach,Northern Illinois,MAC,FBS,750000,750000,350000,85000,1250000,USA Today (Oct 2025),2025
Tim Albin,Head Coach,Ohio,MAC,FBS,700000,700000,350000,35000,1166667,USA Today (Oct 2025),2025
Jason Candle,Head Coach,Toledo,MAC,FBS,1150000,1150000,1085000,235000,1000000,USA Today (Oct 2025),2025
Lance Taylor,Head Coach,Western Michigan,MAC,FBS,800000,800000,400000,50000,1333333,USA Today (Oct 2025),2025
Trent Bray,Head Coach,Oregon State,Pac-12,FBS,2000008,2000008,1075000,,3900013,USA Today (Oct 2025),2025
Jake Dickert,Head Coach,Washington State,Pac-12,FBS,1250000,1250000,300000,,4391563,USA Today (Oct 2025),2025
Kalen DeBoer,Head Coach,Alabama,SEC,FBS,10250000,10250000,1175000,100000,60843750,USA Today (Oct 2025),2025
Sam Pittman,Head Coach,Arkansas,SEC,FBS,6814600,6800000,1450000,175000,,USA Today (Oct 2025),2025
Hugh Freeze,Head Coach,Auburn,SEC,FBS,6734500,6725000,3300000,100000,15437500,USA Today (Oct 2025),2025
Billy Napier,Head Coach,Florida,SEC,FBS,7470000,7220000,1600000,200000,20428333,USA Today (Oct 2025),2025
Kirby Smart,Head Coach,Georgia,SEC,FBS,13282580,13003000,1775000,800000,105107583,USA Today (Oct 2025),2025
Mark Stoops,Head Coach,Kentucky,SEC,FBS,9000000,9000000,3550000,100000,37687500,USA Today (Oct 2025),2025
Brian Kelly,Head Coach,LSU,SEC,FBS,10175000,10175000,1325000,550000,53293333,USA Today (Oct 2025),2025
Jeff Lebby,Head Coach,Mississippi State,SEC,FBS,4350000,4350000,1900000,,11006250,USA Today (Oct 2025),2025
Eli Drinkwitz,Head Coach,Missouri,SEC,FBS,9000000,9000000,1575000,225000,28875685,USA Today (Oct 2025),2025
Brent Venables,Head Coach,Oklahoma,SEC,FBS,7552750,7550000,1385000,25000,36158333,USA Today (Oct 2025),2025
Lane Kiffin,Head Coach,Ole Miss,SEC,FBS,9000000,9000000,2600000,650000,36600000,USA Today (Oct 2025),2025
Shane Beamer,Head Coach,South Carolina,SEC,FBS,8150000,8150000,1700000,150000,27903958,USA Today (Oct 2025),2025
Josh Heupel,Head Coach,Tennessee,SEC,FBS,9000000,9000000,1700000,350000,37500000,USA Today (Oct 2025),2025
Steve Sarkisian,Head Coach,Texas,SEC,FBS,10800000,10800000,1850000,900000,60307500,USA Today (Oct 2025),2025
Mike Elko,Head Coach,Texas A&M,SEC,FBS,7000000,7000000,3800000,,21875000,USA Today (Oct 2025),2025
Clark Lea,Head Coach,Vanderbilt,SEC,FBS,3711137,3711137,,,,USA Today (Oct 2025),2025
Shawn Clark,Head Coach,Appalachian State,Sun Belt,FBS,1200000,1200000,750000,150000,2500000,USA Today (Oct 2025),2025
Butch Jones,Head Coach,Arkansas State,Sun Belt,FBS,800000,800000,350000,25000,1200000,USA Today (Oct 2025),2025
Tim Beck,Head Coach,Coastal Carolina,Sun Belt,FBS,1159750,1124750,1600000,250000,1757422,USA Today (Oct 2025),2025
Clay Helton,Head Coach,Georgia Southern,Sun Belt,FBS,1050000,1050000,700000,120000,2058333,USA Today (Oct 2025),2025
Dell McGee,Head Coach,Georgia State,Sun Belt,FBS,1000000,1000000,500000,50000,1666667,USA Today (Oct 2025),2025
Bob Chesney,Head Coach,James Madison,Sun Belt,FBS,1200000,1200000,600000,150000,2500000,USA Today (Oct 2025),2025
Michael Desormeaux,Head Coach,Louisiana,Sun Belt,FBS,1100000,1100000,550000,100000,1833333,USA Today (Oct 2025),2025
Charles Huff,Head Coach,Marshall,Sun Belt,FBS,1150000,1150000,500000,35000,2375000,USA Today (Oct 2025),2025
Ricky Rahne,Head Coach,Old Dominion,Sun Belt,FBS,800000,800000,400000,50000,1333333,USA Today (Oct 2025),2025
Major Applewhite,Head Coach,South Alabama,Sun Belt,FBS,900000,900000,450000,100000,1500000,USA Today (Oct 2025),2025
Will Hall,Head Coach,Southern Miss,Sun Belt,FBS,850000,850000,400000,75000,1416667,USA Today (Oct 2025),2025
G.J. Kinne,Head Coach,Texas State,Sun Belt,FBS,1550000,1550000,1167500,87500,9553125,USA Today (Oct 2025),2025
Jon Sumrall,Head Coach,Troy,Sun Belt,FBS,2500000,2500000,1100000,300000,7416667,USA Today (Oct 2025),2025
Bryant Vincent,Head Coach,ULM,Sun Belt,FBS,600000,600000,300000,,900000,USA Today (Oct 2025),2025
Nick Sheridan,Offensive Coordinator,Alabama,SEC,FBS,1000000,1000000,,,,USA Today Assistants (Oct 2025),2025
Kane Wommack,Defensive Coordinator,Alabama,SEC,FBS,2000000,2000000,,,,USA Today Assistants (Oct 2025),2025
Mike Bobo,Offensive Coordinator,Georgia,SEC,FBS,1200000,1200000,,,,USA Today Assistants (Oct 2025),2025
Glenn Schumann,Co-Defensive Coordinator,Georgia,SEC,FBS,1600000,1600000,,,,USA Today Assistants (Oct 2025),2025
Joe Moorhead,Offensive Coordinator,LSU,SEC,FBS,750000,750000,350000,,1312500,USA Today (Oct 2025),2025
Blake Baker,Defensive Coordinator,LSU,SEC,FBS,1300000,1300000,,,,USA Today Assistants (Oct 2025),2025
Kyle Flood,Offensive Coordinator,Texas,SEC,FBS,1600000,1600000,,,,USA Today Assistants (Oct 2025),2025
Pete Kwiatkowski,Defensive Coordinator,Texas,SEC,FBS,1500000,1500000,,,,USA Today Assistants (Oct 2025),2025
Joey Halzle,Offensive Coordinator,Tennessee,SEC,FBS,1100000,1100000,,,,USA Today Assistants (Oct 2025),2025
Tim Banks,Defensive Coordinator,Tennessee,SEC,FBS,1500000,1500000,,,,USA Today Assistants (Oct 2025),2025
Collin Klein,Offensive Coordinator,Texas A&M,SEC,FBS,1200000,1200000,,,,USA Today Assistants (Oct 2025),2025
DJ Durkin,Defensive Coordinator,Texas A&M,SEC,FBS,1400000,1400000,,,,USA Today Assistants (Oct 2025),2025
Chip Kelly,Offensive Coordinator,Ohio State,Big Ten,FBS,2500000,2500000,,,,USA Today Assistants (Oct 2025),2025
Jim Knowles,Defensive Coordinator,Ohio State,Big Ten,FBS,2000000,2000000,,,,USA Today Assistants (Oct 2025),2025
Kirk Campbell,Offensive Coordinator,Michigan,Big Ten,FBS,,,,,,,2025
Wink Martindale,Defensive Coordinator,Michigan,Big Ten,FBS,1900000,1900000,,,,USA Today Assistants (Oct 2025),2025
Andy Kotelnicki,Offensive Coordinator,Penn State,Big Ten,FBS,1200000,1200000,,,,USA Today Assistants (Oct 2025),2025
Tom Allen,Defensive Coordinator,Penn State,Big Ten,FBS,1500000,1500000,,,,USA Today Assistants (Oct 2025),2025
Will Stein,Offensive Coordinator,Oregon,Big Ten,FBS,1200000,1200000,,,,USA Today Assistants (Oct 2025),2025
Tosh Lupoi,Defensive Coordinator,Oregon,Big Ten,FBS,1100000,1100000,,,,USA Today Assistants (Oct 2025),2025
Phil Longo,Offensive Coordinator,Wisconsin,Big Ten,FBS,1200000,1200000,,,,USA Today Assistants (Oct 2025),2025
Mike Tressel,Defensive Coordinator,Wisconsin,Big Ten,FBS,1000000,1000000,,,,USA Today Assistants (Oct 2025),2025
Lincoln Riley,Offensive Coordinator,USC,Big Ten,FBS,11537560,11537560,,,,USA Today (Oct 2025),2025
D'Anton Lynn,Defensive Coordinator,USC,Big Ten,FBS,1500000,1500000,,,,USA Today Assistants (Oct 2025),2025
Garrett Riley,Offensive Coordinator,Clemson,ACC,FBS,2000000,2000000,,,,USA Today Assistants (Oct 2025),2025
Wes Goodwin,Defensive Coordinator,Clemson,ACC,FBS,1600000,1600000,,,,USA Today Assistants (Oct 2025),2025
Alex Atkins,Offensive Coordinator,Florida State,ACC,FBS,1200000,1200000,,,,USA Today Assistants (Oct 2025),2025
Adam Fuller,Defensive Coordinator,Florida State,ACC,FBS,1500000,1500000,,,,USA Today Assistants (Oct 2025),2025
Shannon Dawson,Offensive Coordinator,Miami,ACC,FBS,1100000,1100000,,,,USA Today Assistants (Oct 2025),2025
Lance Guidry,Defensive Coordinator,Miami,ACC,FBS,1000000,1000000,,,,USA Today Assistants (Oct 2025),2025
Mike Denbrock,Offensive Coordinator,Notre Dame,Independent,FBS,1300000,1300000,,,,USA Today Assistants (Oct 2025),2025
Al Golden,Defensive Coordinator,Notre Dame,Independent,FBS,1700000,1700000,,,,USA Today Assistants (Oct 2025),2025
Zach Pyron,Offensive Coordinator,Colorado,Big 12,FBS,850000,850000,,,,USA Today Assistants (Oct 2025),2025
Robert Livingston,Defensive Coordinator,Colorado,Big 12,FBS,800000,800000,,,,USA Today Assistants (Oct 2025),2025
Brian Hartline,Offensive Coordinator,Oklahoma State,Big 12,FBS,1200000,1200000,,,,USA Today Assistants (Oct 2025),2025
Bryan Nardo,Defensive Coordinator,Oklahoma State,Big 12,FBS,800000,800000,,,,USA Today Assistants (Oct 2025),2025
Kendal Briles,Offensive Coordinator,TCU,Big 12,FBS,1100000,1100000,,,,USA Today Assistants (Oct 2025),2025
Jimmy Lake,Defensive Coordinator,TCU,Big 12,FBS,900000,900000,,,,USA Today Assistants (Oct 2025),2025
Unknown,Head Coach,Cal Poly,Big Sky,FCS,,,,,,,2025
Unknown,Head Coach,Eastern Washington,Big Sky,FCS,,,,,,,2025
Unknown,Head Coach,Idaho,Big Sky,FCS,,,,,,,2025
Unknown,Head Coach,Idaho State,Big Sky,FCS,,,,,,,2025
Bobby Hauck,Head Coach,Montana,Big Sky,FCS,,,,,,,2025
Brent Vigen,Head Coach,Montana State,Big Sky,FCS,,,,,,,2025
Unknown,Head Coach,Northern Arizona,Big Sky,FCS,,,,,,,2025
Unknown,Head Coach,Northern Colorado,Big Sky,FCS,,,,,,,2025
Unknown,Head Coach,Portland State,Big Sky,FCS,,,,,,,2025
Andy Thompson,Head Coach,Sacramento State,Big Sky,FCS,,,,,,,2025
Unknown,Head Coach,UC Davis,Big Sky,FCS,,,,,,,2025
Unknown,Head Coach,Weber State,Big Sky,FCS,,,,,,,2025
Unknown,Head Coach,Albany,CAA,FCS,,,,,,,2025
Unknown,Head Coach,Bryant,CAA,FCS,,,,,,,2025
Unknown,Head Coach,Campbell,CAA,FCS,,,,,,,2025
Unknown,Head Coach,Elon,CAA,FCS,,,,,,,2025
Unknown,Head Coach,Hampton,CAA,FCS,,,,,,,2025
Unknown,Head Coach,Maine,CAA,FCS,,,,,,,2025
Unknown,Head Coach,Monmouth,CAA,FCS,,,,,,,2025
Unknown,Head Coach,New Hampshire,CAA,FCS,,,,,,,2025
Unknown,Head Coach,North Carolina A&T,CAA,FCS,,,,,,,2025
Unknown,Head Coach,Rhode Island,CAA,FCS,,,,,,,2025
Unknown,Head Coach,Stony Brook,CAA,FCS,,,,,,,2025
Unknown,Head Coach,Towson,CAA,FCS,,,,,,,2025
Mark Ferrante,Head Coach,Villanova,CAA,FCS,,,,,,,2025
Unknown,Head Coach,William & Mary,CAA,FCS,,,,,,,2025
Unknown,Head Coach,Brown,Ivy,FCS,,,,,,,2025
Unknown,Head Coach,Columbia,Ivy,FCS,,,,,,,2025
Unknown,Head Coach,Cornell,Ivy,FCS,,,,,,,2025
Unknown,Head Coach,Dartmouth,Ivy,FCS,,,,,,,2025
Unknown,Head Coach,Harvard,Ivy,FCS,,,,,,,2025
Unknown,Head Coach,Penn,Ivy,FCS,,,,,,,2025
Unknown,Head Coach,Princeton,Ivy,FCS,,,,,,,2025
Unknown,Head Coach,Yale,Ivy,FCS,,,,,,,2025
Unknown,Head Coach,Delaware State,MEAC,FCS,,,,,,,2025
Unknown,Head Coach,Howard,MEAC,FCS,,,,,,,2025
Unknown,Head Coach,Morgan State,MEAC,FCS,,,,,,,2025
Unknown,Head Coach,Norfolk State,MEAC,FCS,,,,,,,2025
Unknown,Head Coach,North Carolina Central,MEAC,FCS,,,,,,,2025
Unknown,Head Coach,South Carolina State,MEAC,FCS,,,,,,,2025
Unknown,Head Coach,Illinois State,MVFC,FCS,,,,,,,2025
Unknown,Head Coach,Indiana State,MVFC,FCS,,,,,,,2025
Unknown,Head Coach,Murray State,MVFC,FCS,,,,,,,2025
Unknown,Head Coach,North Dakota,MVFC,FCS,,,,,,,2025
Tim Polasek,Head Coach,North Dakota State,MVFC,FCS,,,,,,,2025
Unknown,Head Coach,Northern Iowa,MVFC,FCS,,,,,,,2025
Unknown,Head Coach,South Dakota,MVFC,FCS,,,,,,,2025
Jimmy Rogers,Head Coach,South Dakota State,MVFC,FCS,,,,,,,2025
Unknown,Head Coach,Southern Illinois,MVFC,FCS,,,,,,,2025
Unknown,Head Coach,Youngstown State,MVFC,FCS,,,,,,,2025
Unknown,Head Coach,Central Connecticut,NEC,FCS,,,,,,,2025
Unknown,Head Coach,Duquesne,NEC,FCS,,,,,,,2025
Unknown,Head Coach,LIU,NEC,FCS,,,,,,,2025
Unknown,Head Coach,Robert Morris,NEC,FCS,,,,,,,2025
Unknown,Head Coach,Sacred Heart,NEC,FCS,,,,,,,2025
Unknown,Head Coach,Wagner,NEC,FCS,,,,,,,2025
Unknown,Head Coach,Charleston Southern,OVC-Big South,FCS,,,,,,,2025
Unknown,Head Coach,Eastern Illinois,OVC-Big South,FCS,,,,,,,2025
Unknown,Head Coach,Eastern Kentucky,OVC-Big South,FCS,,,,,,,2025
Unknown,Head Coach,Gardner-Webb,OVC-Big South,FCS,,,,,,,2025
Unknown,Head Coach,Southeast Missouri State,OVC-Big South,FCS,,,,,,,2025
Unknown,Head Coach,Tennessee State,OVC-Big South,FCS,,,,,,,2025
Unknown,Head Coach,Tennessee Tech,OVC-Big South,FCS,,,,,,,2025
Unknown,Head Coach,UT Martin,OVC-Big South,FCS,,,,,,,2025
Unknown,Head Coach,Western Illinois,OVC-Big South,FCS,,,,,,,2025
Unknown,Head Coach,Bucknell,Patriot,FCS,,,,,,,2025
Unknown,Head Coach,Colgate,Patriot,FCS,,,,,,,2025
Unknown,Head Coach,Fordham,Patriot,FCS,,,,,,,2025
Unknown,Head Coach,Georgetown,Patriot,FCS,,,,,,,2025
Unknown,Head Coach,Holy Cross,Patriot,FCS,,,,,,,2025
Unknown,Head Coach,Lafayette,Patriot,FCS,,,,,,,2025
Unknown,Head Coach,Lehigh,Patriot,FCS,,,,,,,2025
Unknown,Head Coach,Richmond,Patriot,FCS,,,,,,,2025
Unknown,Head Coach,Butler,PFL,FCS,,,,,,,2025
Unknown,Head Coach,Davidson,PFL,FCS,,,,,,,2025
Unknown,Head Coach,Dayton,PFL,FCS,,,,,,,2025
Unknown,Head Coach,Drake,PFL,FCS,,,,,,,2025
Unknown,Head Coach,Marist,PFL,FCS,,,,,,,2025
Unknown,Head Coach,Morehead State,PFL,FCS,,,,,,,2025
Unknown,Head Coach,Presbyterian,PFL,FCS,,,,,,,2025
Unknown,Head Coach,San Diego,PFL,FCS,,,,,,,2025
Unknown,Head Coach,Stetson,PFL,FCS,,,,,,,2025
Unknown,Head Coach,Valparaiso,PFL,FCS,,,,,,,2025
Rusty Wright,Head Coach,Chattanooga,SoCon,FCS,,,,,,,2025
Unknown,Head Coach,The Citadel,SoCon,FCS,,,,,,,2025
Unknown,Head Coach,East Tennessee State,SoCon,FCS,,,,,,,2025
Clay Hendrix,Head Coach,Furman,SoCon,FCS,,,,,,,2025
Unknown,Head Coach,Mercer,SoCon,FCS,,,,,,,2025
Unknown,Head Coach,Samford,SoCon,FCS,,,,,,,2025
Unknown,Head Coach,VMI,SoCon,FCS,,,,,,,2025
Unknown,Head Coach,Western Carolina,SoCon,FCS,,,,,,,2025
Unknown,Head Coach,Wofford,SoCon,FCS,,,,,,,2025
Unknown,Head Coach,East Texas A&M,Southland,FCS,,,,,,,2025
Unknown,Head Coach,Houston Christian,Southland,FCS,,,,,,,2025
G.J. Kinne,Head Coach,Incarnate Word,Southland,FCS,1550000,1550000,1167500,87500,9553125,USA Today (Oct 2025),2025
Unknown,Head Coach,Lamar,Southland,FCS,,,,,,,2025
Unknown,Head Coach,McNeese,Southland,FCS,,,,,,,2025
Unknown,Head Coach,Nicholls,Southland,FCS,,,,,,,2025
Unknown,Head Coach,Northwestern State,Southland,FCS,,,,,,,2025
Unknown,Head Coach,Southeastern Louisiana,Southland,FCS,,,,,,,2025
Unknown,Head Coach,Stephen F. Austin,Southland,FCS,,,,,,,2025
Unknown,Head Coach,Alabama A&M,SWAC,FCS,,,,,,,2025
Unknown,Head Coach,Alabama State,SWAC,FCS,,,,,,,2025
Unknown,Head Coach,Alcorn State,SWAC,FCS,,,,,,,2025
Unknown,Head Coach,Arkansas-Pine Bluff,SWAC,FCS,,,,,,,2025
Unknown,Head Coach,Bethune-Cookman,SWAC,FCS,,,,,,,2025
Unknown,Head Coach,Florida A&M,SWAC,FCS,,,,,,,2025
Unknown,Head Coach,Grambling State,SWAC,FCS,,,,,,,2025
Unknown,Head Coach,Jackson State,SWAC,FCS,,,,,,,2025
Unknown,Head Coach,Mississippi Valley State,SWAC,FCS,,,,,,,2025
Unknown,Head Coach,Prairie View A&M,SWAC,FCS,,,,,,,2025
Unknown,Head Coach,Southern,SWAC,FCS,,,,,,,2025
Unknown,Head Coach,Texas Southern,SWAC,FCS,,,,,,,2025
Unknown,Head Coach,Abilene Christian,UAC,FCS,,,,,,,2025
Unknown,Head Coach,Austin Peay,UAC,FCS,,,,,,,2025
Unknown,Head Coach,Central Arkansas,UAC,FCS,,,,,,,2025
Unknown,Head Coach,North Alabama,UAC,FCS,,,,,,,2025
Unknown,Head Coach,Southern Utah,UAC,FCS,,,,,,,2025
Unknown,Head Coach,Tarleton State,UAC,FCS,,,,,,,2025
Unknown,Head Coach,Utah Tech,UAC,FCS,,,,,,,2025
